id,shortcode,caption,head_image_url,audio_type,music_title,music_artist
3597918104681722762_54284618,DHuX3QggDOK,"MINNEAPOLIS üí• I love you to death - thank you for an incredible sold out show! üíô Shoutout to @spotslaststop üê∂ Go adopt your new best friend! 
#comedy #mattrife #minnesota #minneapolis",https://scontent-lax3-2.cdninstagram.com/v/t51.2885-15/486621671_18501439888012619_8245677272886107803_n.jpg?stp=dst-jpg_e35_s1080x1080_tt6&efg=eyJ2ZW5jb2RlX3RhZyI6IkNBUk9VU0VMX0lURU0uaW1hZ2VfdXJsZ2VuLjE0NDB4MTA4MC5zZHIuZjc1NzYxLmRlZmF1bHRfaW1hZ2UifQ&_nc_ht=scontent-lax3-2.cdninstagram.com&_nc_cat=111&_nc_oc=Q6cZ2QG3b_dFMQTy-uxz0Lv71_U9VJtkB1HfogkvaqZ_QD2rEQBemje5ValHpG1MVfPWRAg&_nc_ohc=E6Ph2g9BJnMQ7kNvwG8C9o2&_nc_gid=6FMbElMMSMS-Lc34Dn2WPQ&edm=ALQROFkBAAAA&ccb=7-5&ig_cache_key=MzU5NzkxODA5NTM4NzM2NzU3Mw%3D%3D.3-ccb7-5&oh=00_AfHqjuJs41llmdtK8YVypmvpAeaWlAtkMZ_LdIGqPlKbwg&oe=67FA66F8&_nc_sid=fc8dfb,licensed_music,Mmhmm,BigXthaPlug
3572307178285191786_54284618,DGTYnOmRFJq,"Tour starts next month!! üòà
Dallas & Houston are up first!
What city are you coming to?",https://scontent-lax3-2.cdninstagram.com/v/t51.2885-15/480497824_18494075611012619_4684597263825896096_n.jpg?stp=dst-jpg_e35_s1080x1080_tt6&efg=eyJ2ZW5jb2RlX3RhZyI6IkNBUk9VU0VMX0lURU0uaW1hZ2VfdXJsZ2VuLjE0NDB4MTE5Mi5zZHIuZjc1NzYxLmRlZmF1bHRfaW1hZ2UifQ&_nc_ht=scontent-lax3-2.cdninstagram.com&_nc_cat=111&_nc_oc=Q6cZ2QGaGtuSaZPS46eciyVMeMspkXudnp-Me962u6F67jSZWtHZTWQ8M9I4AooZ-S_S-og&_nc_ohc=1fswTVWwXZoQ7kNvwEC4E6f&_nc_gid=1HIvqeYCvbHkGULwRiXYYA&edm=ALQROFkBAAAA&ccb=7-5&ig_cache_key=MzU3MjMwNzE2ODI0NDE3NTM2MQ%3D%3D.3-ccb7-5&oh=00_AfEy8WUoYHyanYnn1X0GvX6iqzB8L-72HLt-LAtruSRPcg&oe=67FA56D4&_nc_sid=fc8dfb,licensed_music,PISTOL PACCIN,"NLE Choppa, BigXthaPlug"
3581958953652804044_54284618,DG1rLC4gVnM,"#StayGolden TOUR STARTS THIS WEEKEND!!! 
Dallas & Houston yall are first! ü§†
Im so fkn excited to see y‚Äôall- this new show is so much fun! Tag a friend you‚Äôre coming with, and let me know which city ü•∞ 
#comedy #standup #standupcomedy #funny #mattrife #tour",https://scontent-lax3-2.cdninstagram.com/v/t51.2885-15/482953094_18496592656012619_7334614050662916748_n.jpg?stp=dst-jpg_e35_s1080x1080_tt6&efg=eyJ2ZW5jb2RlX3RhZyI6IkZFRUQuaW1hZ2VfdXJsZ2VuLjE0NDB4MTQzOC5zZHIuZjc1NzYxLmRlZmF1bHRfaW1hZ2UifQ&_nc_ht=scontent-lax3-2.cdninstagram.com&_nc_cat=111&_nc_oc=Q6cZ2QEi3FHCgP1VXKba_4R4W_oUAhIAXKE2uPHdcJG-0K4Rjl1GPhD_XaQW75hyob_N7U8&_nc_ohc=QTL0kuV4QPgQ7kNvwFDFeWj&_nc_gid=9bziboFlyLFNpNJwCRoB1A&edm=ALQROFkBAAAA&ccb=7-5&ig_cache_key=MzU4MTk1ODk1MzY1MjgwNDA0NA%3D%3D.3-ccb7-5&oh=00_AfE6prTKg_PYX9EqTQ24u5JRvLS6bHqp4zJ3RjqOo-RejA&oe=67FA7822&_nc_sid=fc8dfb,licensed_music,Straight and Narrow,Sam Barber
3558812879329205702_54284618,DFjcXVWgJ3G,ü§´ A glimpse into the best job I‚Äôve ever had ü§≠ #RollingLoud,https://scontent-lax3-2.cdninstagram.com/v/t51.2885-15/476283013_18490726633012619_6368642503467551996_n.jpg?stp=dst-jpg_e35_s1080x1080_tt6&efg=eyJ2ZW5jb2RlX3RhZyI6IkNBUk9VU0VMX0lURU0uaW1hZ2VfdXJsZ2VuLjE0NDB4MTQ0MC5zZHIuZjc1NzYxLmRlZmF1bHRfaW1hZ2UifQ&_nc_ht=scontent-lax3-2.cdninstagram.com&_nc_cat=111&_nc_oc=Q6cZ2QFsI6CS9CZIYzdSn9jLZ1k9tjMbpz45Fst13BVmn9eo4DY_ZWGmWSC5T8j4dP-SROE&_nc_ohc=Rf8xtWG377sQ7kNvwEVRUMJ&_nc_gid=iEGCy4RcklcXMGzSivzjWA&edm=ALQROFkBAAAA&ccb=7-5&ig_cache_key=MzU1ODgxMjg2Njk1NjE1ODE5Mg%3D%3D.3-ccb7-5&oh=00_AfHAohKdo9-pH0vT_YGqUA1NiUNMv1VEjs4MWxEnq06xOA&oe=67FA6410&_nc_sid=fc8dfb,licensed_music,Don't Give Up On Us,Owen Wilson
3556590744943181577_54284618,DFbjHBbx78J,When you‚Äôre trying to enjoy yourself but her extensions are stapled in‚Ä¶ üíÅüèº‚Äç‚ôÄÔ∏è,https://scontent-lax3-2.cdninstagram.com/v/t51.2885-15/475643866_18490201441012619_7658633892972583194_n.jpg?stp=dst-jpg_e35_s1080x1080_tt6&efg=eyJ2ZW5jb2RlX3RhZyI6IkZFRUQuaW1hZ2VfdXJsZ2VuLjE0NDB4MTQ0MC5zZHIuZjc1NzYxLmRlZmF1bHRfaW1hZ2UifQ&_nc_ht=scontent-lax3-2.cdninstagram.com&_nc_cat=111&_nc_oc=Q6cZ2QF2Vy3CYIveFTGFmUS2EJX21FzOHTcjexO3bB8u3NufnxhLqURC42OXjeyHv-4E17o&_nc_ohc=B-8gBCaKTLwQ7kNvwFVRaUl&_nc_gid=h_6GkISX40Hl1hBIUwwubQ&edm=ALQROFkBAAAA&ccb=7-5&ig_cache_key=MzU1NjU5MDc0NDk0MzE4MTU3Nw%3D%3D.3-ccb7-5&oh=00_AfHwebVAbCO9aFSgJZJdujaOJjDyQwsU8RTbowdpWYsyqA&oe=67FA4810&_nc_sid=fc8dfb,licensed_music,Comes & Goes (feat. Tommy Newport),"BigXthaPlug, Tommy Newport"
3595683159321203024_54284618,DHmbshcMdFQ,"PITTSBURGH!! I love you!!!! üíõüñ§ You ‚Äústeel‚Äù my heart every year! 
Shoutout to @pawsacrosspittsburgh for bringing beautiful lil pups! Let‚Äôs find‚Äôem homes! üêæ
#comedy #mattrife #pittsburgh #standupcomedy #staygoldentour",https://scontent-lax3-2.cdninstagram.com/v/t51.2885-15/486765001_18500778439012619_6427846577609269884_n.jpg?stp=dst-jpg_e35_s1080x1080_tt6&efg=eyJ2ZW5jb2RlX3RhZyI6IkNBUk9VU0VMX0lURU0uaW1hZ2VfdXJsZ2VuLjE0NDB4MTA3OC5zZHIuZjc1NzYxLmRlZmF1bHRfaW1hZ2UifQ&_nc_ht=scontent-lax3-2.cdninstagram.com&_nc_cat=111&_nc_oc=Q6cZ2QFuuMq6tW49d0X2KV_WiY34Xizek4ywYm1N9j5Ag2UBIWjpGQM7BKEPCExf_xYVbaM&_nc_ohc=841lTZHX8AsQ7kNvwEWeohB&_nc_gid=U81DOt7i765Z9iGUvPdwwg&edm=ALQROFkBAAAA&ccb=7-5&ig_cache_key=MzU5NTY4MzE0MTA1OTA5MzU5Ng%3D%3D.3-ccb7-5&oh=00_AfFM6Swsn-OZa_YHcWZ9qOZIfw6tibnerhsxL8oJS21Q-Q&oe=67FA4824&_nc_sid=fc8dfb,licensed_music,"Young, Wild & Free (feat. Bruno Mars)",Wiz Khalifa
3601443929708580970_54284618,DH65iw8xFBq,As Time Passes ü§üüèºü•∞,https://scontent-lax3-2.cdninstagram.com/v/t51.2885-15/487832073_18502519960012619_8997777133527092155_n.jpg?stp=dst-jpg_e35_s1080x1080_tt6&efg=eyJ2ZW5jb2RlX3RhZyI6IkNBUk9VU0VMX0lURU0uaW1hZ2VfdXJsZ2VuLjE0NDB4MTA4MC5zZHIuZjc1NzYxLmRlZmF1bHRfaW1hZ2UifQ&_nc_ht=scontent-lax3-2.cdninstagram.com&_nc_cat=111&_nc_oc=Q6cZ2QGiEaFf-VTt36paI0_nFIC-snJl127PowNtGbOhO6cCO9I6jvnqaV4fewRKncWMNs4&_nc_ohc=N-VEBxl1qM4Q7kNvwG47exd&_nc_gid=r9CHVEM0dBNBiKmQjV2pqw&edm=ALQROFkBAAAA&ccb=7-5&ig_cache_key=MzYwMTQ0MzkxOTY3NTk2NDUzMg%3D%3D.3-ccb7-5&oh=00_AfFWF_vQ3n-hcc5-HunfY8KJ5O-bPFqQ5u4LArDt8Z5rUQ&oe=67FA7B62&_nc_sid=fc8dfb,licensed_music,As Time Passes,Sam R Barber
3557800023057520554_54284618,DFf2EVcOFeq,"ü§òüèºLAST ADDED SHOWS OF THE YEAR!!! ü§òüèº
‚Ä¢VEGAS
‚Ä¢SARATOGA SPRINGS, NY
‚Ä¢SALT LAKE CITY
‚Ä¢ROGERS, AR
‚Ä¢SAN ANTONIO

Tickets on sale my website TODAY at noon your local time!
I love yall! I cannot wait to see you and laugh our asses off!üòçü•∞
#comedy #standup #standupcomedy #funny #mattrife #staygolden #tour",https://scontent-lax3-2.cdninstagram.com/v/t51.2885-15/475446112_18490411135012619_843453845691122121_n.jpg?stp=dst-jpg_e35_tt6&efg=eyJ2ZW5jb2RlX3RhZyI6IkZFRUQuaW1hZ2VfdXJsZ2VuLjEwODB4MTA4MC5zZHIuZjc1NzYxLmRlZmF1bHRfaW1hZ2UifQ&_nc_ht=scontent-lax3-2.cdninstagram.com&_nc_cat=111&_nc_oc=Q6cZ2QGwaNSJqnJtYbIfOk5Q_kbS1NalMVM69_Whr09iwNzKT3GXdwv7FE4BNaehZb4MhY4&_nc_ohc=hc0oDNtqWxgQ7kNvwHRFgDJ&_nc_gid=qYkEtl3p66vJ_JshDBv-Dw&edm=ALQROFkBAAAA&ccb=7-5&ig_cache_key=MzU1NzgwMDAyMzA1NzUyMDU1NA%3D%3D.3-ccb7-5&oh=00_AfH82tdgrQBlZaV0SPSiiQY-PNYLJsUEjYaAxSTYLjpwLA&oe=67FA5CAF&_nc_sid=fc8dfb,licensed_music,White Wedding,Billy Idol
3604316670938575496_54284618,DIFGuptT_KI,"Popped in for a lil spot in the hometown, Columbus, on my boy @shanemgillis show at Nationwide Arena! I‚Äôll be back Aug. 9th for my show! 
If you haven‚Äôt seen Shane live, don‚Äôt hesitate, he‚Äôs undeniably one of the funniest comics on the planet, and an even better dude. @bigjayoakerson also fucking crushed! Always has, always will üôèüèº",https://scontent-lax3-2.cdninstagram.com/v/t51.2885-15/489321336_18503345401012619_84050522785693779_n.jpg?stp=dst-jpg_e35_p1080x1080_tt6&efg=eyJ2ZW5jb2RlX3RhZyI6IkNBUk9VU0VMX0lURU0uaW1hZ2VfdXJsZ2VuLjE0NDB4MTgwMC5zZHIuZjc1NzYxLmRlZmF1bHRfaW1hZ2UifQ&_nc_ht=scontent-lax3-2.cdninstagram.com&_nc_cat=111&_nc_oc=Q6cZ2QG-EhmBPkiXT7vpJGJtS3O0tStIAdn5ig1MHT2Eac1dNKTm8UtylxyjUI3WjAuL8xI&_nc_ohc=uJIBSIFe7SAQ7kNvwHbXPo3&_nc_gid=vWzdvHNu-eQ50pSCi7CNcQ&edm=ALQROFkBAAAA&ccb=7-5&ig_cache_key=MzYwNDMxNjY1MDUwMzg0NjY2NQ%3D%3D.3-ccb7-5&oh=00_AfFSZXuzIli30ub_-wCi-53Foxmlevf6DzUeaw_ETYSo5A&oe=67FA5D76&_nc_sid=fc8dfb,,,
3552899385073722464_54284618,DFObyqqBeRg,"Wonderin which show you‚Äôre coming to this year üôÇ‚Äç‚ÜïÔ∏è
Let me know üëáüèº",https://scontent-lax3-2.cdninstagram.com/v/t51.2885-15/474676592_18489340345012619_7468197314546895408_n.jpg?stp=dst-jpg_e35_p1080x1080_tt6&efg=eyJ2ZW5jb2RlX3RhZyI6IkZFRUQuaW1hZ2VfdXJsZ2VuLjE0NDB4MTgwMC5zZHIuZjc1NzYxLmRlZmF1bHRfaW1hZ2UifQ&_nc_ht=scontent-lax3-2.cdninstagram.com&_nc_cat=111&_nc_oc=Q6cZ2QE_fPiv_hJJE5JOHN2Smqznmyk_kCkH8QIkW2EacGswzCDmycskumDyjExUKDnSzbY&_nc_ohc=CB2XVB2DHK8Q7kNvwFcqNa0&_nc_gid=KelhyARtNc6oH5iezLA-8Q&edm=ALQROFkBAAAA&ccb=7-5&ig_cache_key=MzU1Mjg5OTM4NTA3MzcyMjQ2NA%3D%3D.3-ccb7-5&oh=00_AfGLjR3fSuQK4iOtxRKNcbSV3k-sIDqrqpG14qjfqqLGJA&oe=67FA5968&_nc_sid=fc8dfb,licensed_music,Wondering Why,The Red Clay Strays
3583382089212371814_54284618,DG6uwZKACNm,"That‚Äôs a wrap on #RollingLoudüé¨ One of the coolest experiences of my life, working with such an amazing cast, crew, and one of my my absolute favorite actors of all time, Owen fkn Wilson! I can‚Äôt wait for yall to see this üòÜ",https://scontent-lax3-2.cdninstagram.com/v/t51.2885-15/483087828_18496980367012619_942161203460260827_n.jpg?stp=dst-jpg_e35_s1080x1080_tt6&efg=eyJ2ZW5jb2RlX3RhZyI6IkNBUk9VU0VMX0lURU0uaW1hZ2VfdXJsZ2VuLjE0NDB4MTI2NC5zZHIuZjc1NzYxLmRlZmF1bHRfaW1hZ2UifQ&_nc_ht=scontent-lax3-2.cdninstagram.com&_nc_cat=111&_nc_oc=Q6cZ2QGx9Sk_QWw8ed4JqDZF-8uDNVm7394fJZd_VqaipkZIk8LS4mqlM0FpJcXHby3qsOE&_nc_ohc=ijl-14RA_A0Q7kNvwETxfLV&_nc_gid=2BOiiFkiM4-VMXSDUOKwOA&edm=ALQROFkBAAAA&ccb=7-5&ig_cache_key=MzU4MzM4MjA3NzM0MjQ5MDM2Ng%3D%3D.3-ccb7-5&oh=00_AfEDsoleyk9IShsHcfXYxc1x2INOWitdXUpvsEWTaAHihA&oe=67FA742C&_nc_sid=fc8dfb,licensed_music,Antidote,Travis Scott
3590625013067163752_54284618,DHUdmzpgCho,"Happy St. Paddy‚Äôs Day! üçÄ 
The Irish have my heart üíö
Can‚Äôt wait to be back in Dublin!",https://scontent-lax3-2.cdninstagram.com/v/t51.2885-15/484413816_18499291039012619_4352269532367326528_n.jpg?stp=dst-jpg_e35_s1080x1080_tt6&efg=eyJ2ZW5jb2RlX3RhZyI6IkNBUk9VU0VMX0lURU0uaW1hZ2VfdXJsZ2VuLjE0NDB4MTA0Mi5zZHIuZjc1NzYxLmRlZmF1bHRfaW1hZ2UifQ&_nc_ht=scontent-lax3-2.cdninstagram.com&_nc_cat=111&_nc_oc=Q6cZ2QFOwIDofU0LpJkbQh3IFPR6Wt2uxAwo6BrczVoSW5v-r1PQ3QQAzBHGHoTtASSFVDk&_nc_ohc=0zVWQsoU1DsQ7kNvwGciVmp&_nc_gid=18Fwyvhby-ogW5E3ypU9AQ&edm=ALQROFkBAAAA&ccb=7-5&ig_cache_key=MzU5MDYyNTAwNTM2NjQ2NDcyNQ%3D%3D.3-ccb7-5&oh=00_AfHtUIhbor-CB54UMD_5aFifAjbAeE2LcJ-9PmUyd6wLnw&oe=67FA761E&_nc_sid=fc8dfb,,,
3585524311525585132_54284618,DHCV11KAnDs,"DALLAS!! You were an unbelievable first night of the #StayGoldenTour! If you missed the show- swipe- to see me launch a tiddy 50+ yardsüòÇüòÇüòÇ THANK YOU to everyone who came out! 
#mattrife #dallas #comedy",https://scontent-lax3-2.cdninstagram.com/v/t51.2885-15/483251464_18497648401012619_8061484356204206619_n.jpg?stp=dst-jpg_e35_s1080x1080_tt6&efg=eyJ2ZW5jb2RlX3RhZyI6IkNBUk9VU0VMX0lURU0uaW1hZ2VfdXJsZ2VuLjE0NDB4MTI5MC5zZHIuZjc1NzYxLmRlZmF1bHRfaW1hZ2UifQ&_nc_ht=scontent-lax3-2.cdninstagram.com&_nc_cat=111&_nc_oc=Q6cZ2QEpIY3t6pllCmfesKUaxZB4JD_IgbyntN4TZotC5TrkL4bfhxLBO-4mEVzh4QsIO-Y&_nc_ohc=F_5vj1QRIh0Q7kNvwGbGdDE&_nc_gid=Twxadqceh0WjlszVMx9WOg&edm=ALQROFkBAAAA&ccb=7-5&ig_cache_key=MzU4NTUyNDI5NjUwMTY3MzMyMQ%3D%3D.3-ccb7-5&oh=00_AfFH5w8IlgOQCY_seIKn7EWCGFiwHTr6cx6VLXkQYLNcxw&oe=67FA7479&_nc_sid=fc8dfb,licensed_music,All My Ex's Live In Texas,George Strait
3560730088620598544_54284618,DFqQSZpRqUQ,"FEB. 16th is the premiere of #LowkeyComedySpecial on @momenthouse! (SWIPE FOR TRAILER)
A very exciting, fun, experimental show that @pauleliacomedy & I have been putting together for years, for YOU- the fans! I really hope you‚Äôll enjoy this hilarious show on Feb. 16th ü•∞ Off the cuff, off the wall, and downright dumb üòÇ love ya! 

Lowkey started as a show during the pandemic, in an alley behind my apartment, for a couple dozen people. And we brought it all the way to the Netflix Is A Joke Festival, and recorded it for YOU ‚ù§Ô∏è I hope ya like it half as much as we had making it! 
#comedy #standup #standupcomedy #funny #mattrife #crowdwork #improv #lowkey",https://scontent-lax3-2.cdninstagram.com/v/t51.2885-15/474873660_18491198752012619_7884693820584698534_n.jpg?stp=dst-jpg_e35_s1080x1080_tt6&efg=eyJ2ZW5jb2RlX3RhZyI6IkNBUk9VU0VMX0lURU0uaW1hZ2VfdXJsZ2VuLjE0NDB4MTQ0MC5zZHIuZjc1NzYxLmRlZmF1bHRfaW1hZ2UifQ&_nc_ht=scontent-lax3-2.cdninstagram.com&_nc_cat=111&_nc_oc=Q6cZ2QF7FxeRUpN1q6z3B8nRqQDy5vt2pi7ogVdyi58MK9bLzVyHOs3tsXg3aQxlQCxX1Lo&_nc_ohc=ZyJMlk3pRvEQ7kNvwEo4iIs&_nc_gid=aSMeGjQCiWsUvAwiOhZMLw&edm=ALQROFkBAAAA&ccb=7-5&ig_cache_key=MzU2MDczMDA4MTIzMDA2NTI5NA%3D%3D.3-ccb7-5&oh=00_AfGOc-hIlr-2ZBPeV8v80MqSDfwb-ZffWt7NIXlR61Iy2g&oe=67FA6878&_nc_sid=fc8dfb,,,
3587088736460016574_54284618,DHH5jNagQu-,"HOUSTON!! Holy shid y‚Äôall were so much fun!! Thank you to everyone who came out for my first show ever ‚Äúin the round‚Äù, the energy was unbelievable from start to finish! I love this city! ‚ù§Ô∏è
BIG shoutout to my Houston people @tobenwigwe @moamer and of course The Peoples Champ/The Iceman @paulwallbaby for coming up and showing so much love!",https://scontent-lax3-2.cdninstagram.com/v/t51.2885-15/483883207_18498120433012619_3598637036743584716_n.jpg?stp=dst-jpg_e35_s1080x1080_tt6&efg=eyJ2ZW5jb2RlX3RhZyI6IkNBUk9VU0VMX0lURU0uaW1hZ2VfdXJsZ2VuLjE0NDB4MTE4NC5zZHIuZjc1NzYxLmRlZmF1bHRfaW1hZ2UifQ&_nc_ht=scontent-lax3-2.cdninstagram.com&_nc_cat=111&_nc_oc=Q6cZ2QGeonUlAVPtmSc5zr8JB63xY0qGnlAeIm92r4mNzCW1XLUPlJEuTHK3Lj_ijMBlCv4&_nc_ohc=fcUf7QBuu5MQ7kNvwGV0axA&_nc_gid=CiKP_WJ0SF_i_bdblmAdZg&edm=ALQROFkBAAAA&ccb=7-5&ig_cache_key=MzU4NzA4ODcxNjkyMjk2MDA0NQ%3D%3D.3-ccb7-5&oh=00_AfGbvls17dPsvRSlf6e_2r99dasb8-tMm_gekoLDupNQLw&oe=67FA5AE3&_nc_sid=fc8dfb,licensed_music,"Grillz (feat. Paul Wall, Ali & Gipp)",Nelly
3563091418467765558_54284618,DFypMRcA402,"A lot of exciting shows and cities this tour! Tag a friend who you want to go with you and then make them pay for parking ü•∞üëØ‚Äç‚ôÄÔ∏è
#comedy #standup #standupcomedy #funny #mattrife #staygoldentour",https://scontent-lax3-2.cdninstagram.com/v/t51.2885-15/476575705_18491775892012619_7304760809172954700_n.jpg?stp=dst-jpg_e35_p1080x1080_tt6&efg=eyJ2ZW5jb2RlX3RhZyI6IkZFRUQuaW1hZ2VfdXJsZ2VuLjE0NDB4MTYxOS5zZHIuZjc1NzYxLmRlZmF1bHRfaW1hZ2UifQ&_nc_ht=scontent-lax3-2.cdninstagram.com&_nc_cat=111&_nc_oc=Q6cZ2QF7r2mfns71cVxKgdzoTusUowVLkUuZreXKatne8PjnUjnSM9BuzpKnSgSMmqhIbXE&_nc_ohc=3UMQASVn45wQ7kNvwEmXgze&_nc_gid=AasRxgQV_P7b6PhCZmV3jg&edm=ALQROFkBAAAA&ccb=7-5&ig_cache_key=MzU2MzA5MTQxODQ2Nzc2NTU1OA%3D%3D.3-ccb7-5&oh=00_AfFfBCw4NoczkXTsTm_18_4z3-q1tGRMx88U-ei0rkrW8g&oe=67FA50E4&_nc_sid=fc8dfb,licensed_music,Running Up That Hill (A Deal With God) [2018 Remaster],Kate Bush
3550676448178402187_54284618,DFGiWrWBPOL,"What a dream to work with one my favorite artists of all time! A true fucking ROCKSTAR @billyidol! A lot of people recognized my homage to one of Billy‚Äôs iconic photos on my latest tour poster, and this is the definition of manifestation. My grandpa introduced me to Billy‚Äôs music as a kid and we bonded over our love of it. Billy‚Äôs the nicest, coolest, funniest fkn dude, ever. What an awesome experience. Oh‚Ä¶and yeah, i got his autograph tatted on my arm üòÇü§òüèº#GetLaidGetFkd #BillyIdol",https://scontent-lax3-2.cdninstagram.com/v/t51.2885-15/474651601_18488828413012619_3813178679531947004_n.jpg?stp=dst-jpg_e35_s1080x1080_tt6&efg=eyJ2ZW5jb2RlX3RhZyI6IkNBUk9VU0VMX0lURU0uaW1hZ2VfdXJsZ2VuLjE0NDB4MTA4MC5zZHIuZjc1NzYxLmRlZmF1bHRfaW1hZ2UifQ&_nc_ht=scontent-lax3-2.cdninstagram.com&_nc_cat=111&_nc_oc=Q6cZ2QEeiVm6KMPSEYyZn4-_5uyhlXevSB2bp0nOIQHM8H8hPjcfk_dCsbZMLJf6STbd-qw&_nc_ohc=cocVjocMNFUQ7kNvwHLNP76&_nc_gid=2R5H8Bkae4-0SJvf_9YBmw&edm=ALQROFkBAAAA&ccb=7-5&ig_cache_key=MzU1MDY3NjQzMTQ2MDA5NjY2Ng%3D%3D.3-ccb7-5&oh=00_AfEJPf4Vbsy2rUZpyHItRx9wmiv1tjqAzA6C33rKAk8LTw&oe=67FA7C71&_nc_sid=fc8dfb,licensed_music,Rebel Yell,Billy Idol
3588412450892270685_54284618,DHMmhyjBcxd,"What happens in Vegas üòè Come on out to Sin City for a night of laughs and infidelity ü•∞ You don‚Äôt wanna miss this! 
#mattRife #vegas #lasvegas #comedy",https://scontent-lax3-2.cdninstagram.com/v/t51.2885-15/484784499_18498567148012619_8434321847152975487_n.jpg?stp=dst-jpg_e35_p1080x1080_tt6&efg=eyJ2ZW5jb2RlX3RhZyI6IkZFRUQuaW1hZ2VfdXJsZ2VuLjE0NDB4MTc5OS5zZHIuZjc1NzYxLmRlZmF1bHRfaW1hZ2UifQ&_nc_ht=scontent-lax3-2.cdninstagram.com&_nc_cat=111&_nc_oc=Q6cZ2QHkIgbhZe8waT2EcATpUPYUCfL15brzyWnTEpXcsQDuqKRhZq9x0oIYtCaj_GfDToY&_nc_ohc=J3eF8SLP98cQ7kNvwF2AlFK&_nc_gid=wAQu_HRlWuZmNjWrwY5BLg&edm=ALQROFkBAAAA&ccb=7-5&ig_cache_key=MzU4ODQxMjQ1MDg5MjI3MDY4NQ%3D%3D.3-ccb7-5&oh=00_AfGQhylevTjfUSdTyMIX0uQD_2DF9LJl5vBAXIgzS9LxWA&oe=67FA59BE&_nc_sid=fc8dfb,licensed_music,Drink Don't Need No Mix (feat. BigXthaPlug),Shaboozey
3567239454735475547_54284618,DGBYWJQRCNb,"ü§´SECRET‚ÄôS OUTü§´ 
Fresno- April.12
San Diego- April.13
#comedy #standup #standupcomedy #funny #mattrife #staygolden #sandiego #fresno",https://scontent-lax3-2.cdninstagram.com/v/t51.2885-15/480013338_18492791083012619_5644957981357699436_n.jpg?stp=dst-jpg_e35_tt6&efg=eyJ2ZW5jb2RlX3RhZyI6IkNBUk9VU0VMX0lURU0uaW1hZ2VfdXJsZ2VuLjEwNjd4MTMzMy5zZHIuZjc1NzYxLmRlZmF1bHRfaW1hZ2UifQ&_nc_ht=scontent-lax3-2.cdninstagram.com&_nc_cat=111&_nc_oc=Q6cZ2QHaEob2ej-v9MvlucEMXEowt4x2DTtbz8ZtRS1QJk3uat1JLlCtxOJIBve1omjCzZI&_nc_ohc=VuwXiQhxkgMQ7kNvwEgAk35&_nc_gid=QuksTqdgaz5AcfTtZ3egUg&edm=ALQROFkBAAAA&ccb=7-5&ig_cache_key=MzU2NzIzOTQ0NjcwNzYxMDUwNw%3D%3D.3-ccb7-5&oh=00_AfGFsUcEYP758dm7zQ_amYqMuGAZYVO42oSuRR5vwRLvPg&oe=67FA59FD&_nc_sid=fc8dfb,licensed_music,ACTIN UP,Tommy Richman
