ID,head_image_url,music_title,music_artist
DFGV7gESvtv,https://scontent-lax3-2.cdninstagram.com/v/t51.2885-15/474082083_18493177462062948_6876404628394376615_n.jpg?stp=dst-jpg_e35_p1080x1080_tt6&cb=30a688f7-fa102a98&efg=eyJ2ZW5jb2RlX3RhZyI6IkNBUk9VU0VMX0lURU0uaW1hZ2VfdXJsZ2VuLjE0NDB4MTU3MS5zZHIuZjc1NzYxLmRlZmF1bHRfaW1hZ2UifQ&_nc_ht=scontent-lax3-2.cdninstagram.com&_nc_cat=100&_nc_oc=Q6cZ2QEeuuFh3ld25PcmEZ5Rh9NbDV-QGTA2HhypoOEYjnMqiRJzC7PyEydRLK1UzL-9W2s&_nc_ohc=cWI1Ewrw24oQ7kNvwErM3nT&_nc_gid=C0bD085HsuiJwH6kmZBiJQ&edm=ALQROFkBAAAA&ccb=7-5&ig_cache_key=MzU1MDYyMTc5MjA4MTc1OTc1OA%3D%3D.3-ccb7-5-cb30a688f7-fa102a98&oh=00_AfFKdDN5xuu3sF_LY321OEeNetYeXmY7uSVFiZz4nHPO7Q&oe=67FFABFD&_nc_sid=fc8dfb,Beautiful Boy (Darling Boy),John Lennon
DAnx_qZp-Zj,https://scontent-lax3-1.cdninstagram.com/v/t51.29350-15/461853931_837764678515378_8671648044262566674_n.jpg?stp=dst-jpg_e35_p1080x1080_tt6&efg=eyJ2ZW5jb2RlX3RhZyI6IkNBUk9VU0VMX0lURU0uaW1hZ2VfdXJsZ2VuLjE0NDB4MTgwMC5zZHIuZjI5MzUwLmRlZmF1bHRfaW1hZ2UifQ&_nc_ht=scontent-lax3-1.cdninstagram.com&_nc_cat=110&_nc_oc=Q6cZ2QH6yMDUo3jTNbnCcKFQSCy4E2Qx3nHLgaDM4ZK2IR-8yXTy05c-vPa3PH_WyXqgWlA&_nc_ohc=fdA7dXzIiaUQ7kNvwE_xexs&_nc_gid=lyEUJyEr_0gM27l77d4i7g&edm=ALQROFkBAAAA&ccb=7-5&ig_cache_key=MzQ2OTk2MTkwOTc4MTM5NDM4OA%3D%3D.3-ccb7-5&oh=00_AfFtNjTWPOK7YbrPrtM66FhHJ-ixXQT22g1rXW7dIN7Leg&oe=67FFBF23&_nc_sid=fc8dfb,Where Is My Mind? (2007 Remaster),Pixies
C1nUZz6yMfo,https://scontent-lax3-2.cdninstagram.com/v/t51.29350-15/415984293_338204162423191_8407659717093184273_n.jpg?stp=dst-jpg_e35_tt6&efg=eyJ2ZW5jb2RlX3RhZyI6IkNBUk9VU0VMX0lURU0uaW1hZ2VfdXJsZ2VuLjEwODV4ODE4LnNkci5mMjkzNTAuZGVmYXVsdF9pbWFnZSJ9&_nc_ht=scontent-lax3-2.cdninstagram.com&_nc_cat=107&_nc_oc=Q6cZ2QEsyc8DFSppqZwFzBU_ouE3vamploFsoBfuSMWVLfEkdYAUB-_fKo37tBDFekb7CW8&_nc_ohc=M-ayGlcsDzkQ7kNvwGpfSaY&_nc_gid=sppf1S4OAmyasr96LVZ_PA&edm=ALQROFkBAAAA&ccb=7-5&ig_cache_key=MzI3MTY3MzM4NDI0MTEzNjc1OQ%3D%3D.3-ccb7-5&oh=00_AfF6bGPnKNKCTO2YVkwjeXvDQafsGrVsEsZvVIgmyHTGGw&oe=67FFCBBB&_nc_sid=fc8dfb,Bad Girls,M.I.A.
DG_JyowpFbV,https://scontent-lax3-2.cdninstagram.com/v/t51.2885-15/483456237_18501666835062948_175683149901729757_n.jpg?stp=dst-jpg_e35_s1080x1080_tt6&cb=30a688f7-fa102a98&efg=eyJ2ZW5jb2RlX3RhZyI6IkNBUk9VU0VMX0lURU0uaW1hZ2VfdXJsZ2VuLjE0NDB4OTYwLnNkci5mNzU3NjEuZGVmYXVsdF9pbWFnZSJ9&_nc_ht=scontent-lax3-2.cdninstagram.com&_nc_cat=100&_nc_oc=Q6cZ2QFDtPo6S6m2NP7ee7bKgaayiDX3Y3wj4n3zWstk4tq1F9faoWqdWZHY2nZQBB9rWWI&_nc_ohc=faVykYENhEMQ7kNvwFf906n&_nc_gid=h68XtkUPhV6ng9LcpcpKgg&edm=ALQROFkBAAAA&ccb=7-5&ig_cache_key=MzU4NDYyNjg3Nzg5MzM3MjM1MA%3D%3D.3-ccb7-5-cb30a688f7-fa102a98&oh=00_AfFvrMh659-4-E0Wh6onr0lhl7oQcPIRyuvCBNzkEfQB2Q&oe=67FFD7B9&_nc_sid=fc8dfb,Me and the Devil,Soap&Skin
DH1SJpxT22U,https://scontent-lax3-2.cdninstagram.com/v/t51.2885-15/487730625_18506315185062948_5136728037673696985_n.jpg?stp=dst-jpg_e35_s1080x1080_tt6&cb=30a688f7-fa102a98&efg=eyJ2ZW5jb2RlX3RhZyI6IkNBUk9VU0VMX0lURU0uaW1hZ2VfdXJsZ2VuLjE0NDB4MTQ0MC5zZHIuZjc1NzYxLmRlZmF1bHRfaW1hZ2UifQ&_nc_ht=scontent-lax3-2.cdninstagram.com&_nc_cat=100&_nc_oc=Q6cZ2QHMYJJTpvZTVVUlsJPenemJLt727yaprV2fLKR1jc-AqqI691MANjfj-T5YYbN8aiA&_nc_ohc=1SORf_E19GcQ7kNvwHQ0A69&_nc_gid=ud0arld8BRxpllqlx4BqWQ&edm=ALQROFkBAAAA&ccb=7-5&ig_cache_key=MzU5OTg2MzI5MDIyNDY5MjYxNw%3D%3D.3-ccb7-5-cb30a688f7-fa102a98&oh=00_AfH6y3MhkwWHB4kzq8zxoKy552jICXlbBsvIjMzmb0uzHg&oe=67FFC352&_nc_sid=fc8dfb,Champagne Coast,Blood Orange
C4UPxktpfEV,https://scontent-lax3-1.cdninstagram.com/v/t51.29350-15/432455530_929728785319049_8157239118622421720_n.jpg?stp=dst-jpg_e35_s1080x1080_tt6&efg=eyJ2ZW5jb2RlX3RhZyI6IkNBUk9VU0VMX0lURU0uaW1hZ2VfdXJsZ2VuLjE0NDB4MTMxMy5zZHIuZjI5MzUwLmRlZmF1bHRfaW1hZ2UifQ&_nc_ht=scontent-lax3-1.cdninstagram.com&_nc_cat=105&_nc_oc=Q6cZ2QEOgtNhXsw7-kSlyCDLV9oqMBft0vS1owp-uk-tLWMo8xISoKdAjLteY-wpV-XqMog&_nc_ohc=sqKWE5TGMlUQ7kNvwHGrY7G&_nc_gid=jlhRLRpJw6mkDwlZcsHMkQ&edm=ALQROFkBAAAA&ccb=7-5&ig_cache_key=MzMyMDM0ODE5Nzk1MzkzODU4Nw%3D%3D.3-ccb7-5&oh=00_AfH2xgs4qtKZE3Dohdl7Wtku18Xsn1MeJ82QgTlQ8yy1UA&oe=67FFDCB4&_nc_sid=fc8dfb,Mia & Sebastianâ€™s Theme,Justin Hurwitz
C7j7IswJ0oP,https://scontent-lax3-1.cdninstagram.com/v/t51.29350-15/446586184_972101157920836_8847687416476808757_n.jpg?stp=dst-jpg_e35_p1080x1080_tt6&efg=eyJ2ZW5jb2RlX3RhZyI6IkNBUk9VU0VMX0lURU0uaW1hZ2VfdXJsZ2VuLjE0NDB4MTgwMC5zZHIuZjI5MzUwLmRlZmF1bHRfaW1hZ2UifQ&_nc_ht=scontent-lax3-1.cdninstagram.com&_nc_cat=104&_nc_oc=Q6cZ2QGehKYf7-8nCVyNZZYB83-kTLnrey_nUzPVqZwYC6WkxFgur1F16YODh-1T3qiBOs4&_nc_ohc=l2JVzfLP1AQQ7kNvwEcGg-7&_nc_gid=sTFzOf9EkxEcE4x354pARQ&edm=ALQROFkBAAAA&ccb=7-5&ig_cache_key=MzM3ODgwNDIyMDc1NDI3NjMwNg%3D%3D.3-ccb7-5&oh=00_AfHNzcxaQ06EVHx_1zmngD6fDaIda5oR8eLYRnM0XhkEVw&oe=67FFCF3F&_nc_sid=fc8dfb,,
DHZLW_HpTOX,https://scontent-lax3-2.cdninstagram.com/v/t51.2885-15/484414683_18503916499062948_734531477482199064_n.jpg?stp=dst-jpg_e35_p1080x1080_tt6&cb=30a688f7-fa102a98&efg=eyJ2ZW5jb2RlX3RhZyI6IkNBUk9VU0VMX0lURU0uaW1hZ2VfdXJsZ2VuLjE0NDB4MTgwMC5zZHIuZjc1NzYxLmRlZmF1bHRfaW1hZ2UifQ&_nc_ht=scontent-lax3-2.cdninstagram.com&_nc_cat=100&_nc_oc=Q6cZ2QEJ4beC0aG2tg6RUf1b_JQg4B1qwuII_2CLF5XnepGll_gjrw1flD4EL1-kOU1n5H0&_nc_ohc=46pt2lggSTwQ7kNvwHugcye&_nc_gid=G7RczcXJmVrJWEE9jWl6bw&edm=ALQROFkBAAAA&ccb=7-5&ig_cache_key=MzU5MTk1MjEyNDAxNTQzOTA2OA%3D%3D.3-ccb7-5-cb30a688f7-fa102a98&oh=00_AfH69xXQdtRA60vwPHUs8rok28NtvnioGxC0aihKbLh0LQ&oe=67FFCA04&_nc_sid=fc8dfb,We Are The People,Empire Of The Sun
DHtVt0PpKO_,https://scontent-lax3-2.cdninstagram.com/v/t51.2885-15/487154480_18505634125062948_8869654771147225028_n.jpg?stp=dst-jpg_e35_s1080x1080_tt6&cb=30a688f7-fa102a98&efg=eyJ2ZW5jb2RlX3RhZyI6IkNBUk9VU0VMX0lURU0uaW1hZ2VfdXJsZ2VuLjE0NDB4MTQ0MC5zZHIuZjc1NzYxLmRlZmF1bHRfaW1hZ2UifQ&_nc_ht=scontent-lax3-2.cdninstagram.com&_nc_cat=100&_nc_oc=Q6cZ2QGNjX_hsF8hxT1uuZo90Na3spLRLctBqEtTNh1gnfggyN2RwapcdQvJjnQW6OAEaCY&_nc_ohc=tCsYXUz541kQ7kNvwEp7v43&_nc_gid=m8eVvD6QGFQ6Bedx-_df-A&edm=ALQROFkBAAAA&ccb=7-5&ig_cache_key=MzU5NzYyNzE3MzIxMjg2NjMxMw%3D%3D.3-ccb7-5-cb30a688f7-fa102a98&oh=00_AfFXp3OaQwU6UVl5fJJBu2a3Vo-1xGjHUmfoXRL_Cy5QFg&oe=67FFCCC5&_nc_sid=fc8dfb,Eyes Without A Face,Billy Idol
C_O1ft9yaO7,https://scontent-lax3-1.cdninstagram.com/v/t51.29350-15/457370546_707932698173189_724253934717952755_n.jpg?stp=dst-jpg_e35_p1080x1080_tt6&efg=eyJ2ZW5jb2RlX3RhZyI6IkNBUk9VU0VMX0lURU0uaW1hZ2VfdXJsZ2VuLjE0NDB4MTgwMC5zZHIuZjI5MzUwLmRlZmF1bHRfaW1hZ2UifQ&_nc_ht=scontent-lax3-1.cdninstagram.com&_nc_cat=105&_nc_oc=Q6cZ2QEkvh3nJ_UwSDxFB-N0T5iqs_0P_y_hgy2LR3atsbaWWX28Cq2LGHLQh7MK2kslh9U&_nc_ohc=dBg1j1Tx82UQ7kNvwF_GP1a&_nc_gid=B9Y494UYQOqys1NTE5I8-w&edm=ALQROFkBAAAA&ccb=7-5&ig_cache_key=MzQ0NDkyNjAzMDMxMjczMTk0Nw%3D%3D.3-ccb7-5&oh=00_AfGhzcyUc9yfs-5MWJeBrYhT7rt_vi9Y06jDYkOqv6sZqw&oe=67FFC255&_nc_sid=fc8dfb,Yesterday,The Beatles
C_lo79eSHn3,https://scontent-lax3-2.cdninstagram.com/v/t51.29350-15/458554793_529561146259074_8396312732293669072_n.jpg?se=-1&stp=cp6_dst-jpegr_e35_p1080x1080_tt6&efg=eyJ2ZW5jb2RlX3RhZyI6IkNBUk9VU0VMX0lURU0uaW1hZ2VfdXJsZ2VuLjE0NDB4MTc5OS5oZHIuZjI5MzUwLmRlZmF1bHRfaW1hZ2UifQ&_nc_ht=scontent-lax3-2.cdninstagram.com&_nc_cat=106&_nc_oc=Q6cZ2QF_fYhEtuba23u-ZgnymaWsvxXkQIGtUQUbmKpHz-I0ruNkoZoZRVXrHT_Y60wo94M&_nc_ohc=6WJVZ0XYuyoQ7kNvwFYizy8&_nc_gid=HIPM4wpebztATubf55LvHQ&edm=ALQROFkBAAAA&ccb=7-5&ig_cache_key=MzQ1MTM0NDcyMTg3NTIyNTcyMQ%3D%3D.3-ccb7-5&oh=00_AfHHhvH32NMF1OHiMGKmotqROuuH3cTFVhCk7xcfwFWDWQ&oe=67FFD2B0&_nc_sid=fc8dfb,This Is Halloween,The Citizens of Halloween
C36Trv1vvvm,https://scontent-lax3-2.cdninstagram.com/v/t51.29350-15/430710528_1565125324300895_4156905904473114511_n.jpg?stp=dst-jpg_e35_s1080x1080_tt6&efg=eyJ2ZW5jb2RlX3RhZyI6IkNBUk9VU0VMX0lURU0uaW1hZ2VfdXJsZ2VuLjE0NDB4MTQ0MC5zZHIuZjI5MzUwLmRlZmF1bHRfaW1hZ2UifQ&_nc_ht=scontent-lax3-2.cdninstagram.com&_nc_cat=111&_nc_oc=Q6cZ2QGFke3X9YJ_Jt2t6s7AH6pK2lMilJhxrPAfQ7GQaM20yGPjVdqoIP4lIc_a2ykNbEE&_nc_ohc=RHAf5Jwd_s8Q7kNvwF4Lm-X&_nc_gid=ee5SHbI-go6Nxc_43UYqQQ&edm=ALQROFkBAAAA&ccb=7-5&ig_cache_key=MzMxMzA0NzA0MTYwMDMzMTExNQ%3D%3D.3-ccb7-5&oh=00_AfGz4QMIt2KWNMtUXRz89oe1Zd4BXByycN1Ke9HIQGRmwQ&oe=67FFE14E&_nc_sid=fc8dfb,Veridis Quo,Daft Punk
C8m2AnuJSXq,https://scontent-lax3-2.cdninstagram.com/v/t51.29350-15/448915841_2129510730765931_2175384669792955564_n.jpg?se=-1&stp=cp6_dst-jpegr_e35_p1080x1080_tt6&efg=eyJ2ZW5jb2RlX3RhZyI6IkNBUk9VU0VMX0lURU0uaW1hZ2VfdXJsZ2VuLjE0NDB4MTgwMC5oZHIuZjI5MzUwLmRlZmF1bHRfaW1hZ2UifQ&_nc_ht=scontent-lax3-2.cdninstagram.com&_nc_cat=107&_nc_oc=Q6cZ2QFyAzyHap1LZUltyTQ2BdvBN-weZuBns7vDIQKo8Fu4gQ93EKxDVmVuwhr8EFSkVmQ&_nc_ohc=HH7fSVXCsH8Q7kNvwGzisfK&_nc_gid=NxdJuyZ4Fl4vO2CZY_ycMA&edm=ALQROFkBAAAA&ccb=7-5&ig_cache_key=MzM5NzY0MDQ5Nzc0NjE5MjE1MQ%3D%3D.3-ccb7-5&oh=00_AfE9R1jLed44NzGu7YcjKlNyx8h2ljdHC31NYjS6YG7kiQ&oe=67FFDF18&_nc_sid=fc8dfb,Cigarettes and Coffee,Otis Redding
C0PzDAXJrnZ,https://scontent-lax3-1.cdninstagram.com/v/t51.29350-15/404935024_1450891119190269_6719872574332289258_n.jpg?stp=dst-jpg_e35_p1080x1080_tt6&efg=eyJ2ZW5jb2RlX3RhZyI6IkNBUk9VU0VMX0lURU0uaW1hZ2VfdXJsZ2VuLjE0NDB4MTY1MC5zZHIuZjI5MzUwLmRlZmF1bHRfaW1hZ2UifQ&_nc_ht=scontent-lax3-1.cdninstagram.com&_nc_cat=109&_nc_oc=Q6cZ2QGdKJOxtRv8Hq0Rza22cVWt_Hz5ZUBa_8biDhvN52345P6VdruWjWWdNXdtr0riBqM&_nc_ohc=7t7SVc-wLdYQ7kNvwH-2Xu2&_nc_gid=UdEmHqsMKfrqD1Qht4VI5g&edm=ALQROFkBAAAA&ccb=7-5&ig_cache_key=MzI0NzAzODM1ODgwNTEwMjI5NA%3D%3D.3-ccb7-5&oh=00_AfHq-XBQKIXepMdea8MljBPhgAXeynWEAk6XsBByVJ-6tA&oe=67FFB699&_nc_sid=fc8dfb,Earth Song,Michael Jackson
C3QmbmKvBzQ,https://scontent-lax3-1.cdninstagram.com/v/t51.29350-15/426261416_1850923835330584_8845037382202477481_n.jpg?stp=dst-jpg_e35_p1080x1080_tt6&efg=eyJ2ZW5jb2RlX3RhZyI6IkZFRUQuaW1hZ2VfdXJsZ2VuLjEyNjF4MTU3Ny5zZHIuZjI5MzUwLmRlZmF1bHRfaW1hZ2UifQ&_nc_ht=scontent-lax3-1.cdninstagram.com&_nc_cat=104&_nc_oc=Q6cZ2QEwjLgTNl_8gytM780_RnhapZnj3t9Z89hFfYKdJXc6pbdOxyDdnM00_BbQ4s7ZOlk&_nc_ohc=3WYwixkeYGAQ7kNvwEIxEgc&_nc_gid=oYKsg2xve9wQiyg77qcTRQ&edm=ALQROFkBAAAA&ccb=7-5&ig_cache_key=MzMwMTMwNzU0OTAzODE1NzAwOA%3D%3D.3-ccb7-5&oh=00_AfEJ1h0jz8q9PdmlVNAzvl-qs8d7yv8QosoGvFbuABgPTA&oe=67FFC481&_nc_sid=fc8dfb,Remember the Time,Michael Jackson
C64f1tGparb,https://scontent-lax3-1.cdninstagram.com/v/t51.29350-15/442669255_1034288241375010_3316064258436932709_n.jpg?stp=dst-jpg_e35_s1080x1080_tt6&efg=eyJ2ZW5jb2RlX3RhZyI6IkZFRUQuaW1hZ2VfdXJsZ2VuLjE0NDB4OTU5LnNkci5mMjkzNTAuZGVmYXVsdF9pbWFnZSJ9&_nc_ht=scontent-lax3-1.cdninstagram.com&_nc_cat=110&_nc_oc=Q6cZ2QH5gU8ivagJ912C35mm3XGuPtxXAVxPgIfsYQ2CLE_TZfgD4K_S7TOuxC-WVlw33bE&_nc_ohc=GAtH2Zt1X-IQ7kNvwGi7o79&_nc_gid=FeO89ILgCh-DW3lMxHNqYg&edm=ALQROFkBAAAA&ccb=7-5&ig_cache_key=MzM2NjU4MDc1MTQ2MzQ1OTU0Nw%3D%3D.3-ccb7-5&oh=00_AfHkSkr04YQoB5ojTAF2Ax-__KRS__yLNQujZvUzl6Wang&oe=67FFDCC4&_nc_sid=fc8dfb,I Don't Want To Miss A Thing,Aerosmith
DAEm4_QT2G-,https://scontent-lax3-1.cdninstagram.com/v/t51.29350-15/460632126_3771925013075489_1501313499087130462_n.jpg?stp=dst-jpg_e35_p1080x1080_tt6&efg=eyJ2ZW5jb2RlX3RhZyI6IkNBUk9VU0VMX0lURU0uaW1hZ2VfdXJsZ2VuLjE0NDB4MTgwMC5zZHIuZjI5MzUwLmRlZmF1bHRfaW1hZ2UifQ&_nc_ht=scontent-lax3-1.cdninstagram.com&_nc_cat=105&_nc_oc=Q6cZ2QFTOAxPhH6kpRiMKB0fUFlbYj6T5k_9Jt-82Cb2zIqUoUDmSYQpnUFWUwRChnd7A0c&_nc_ohc=ZzP2Fz5fmhQQ7kNvwEFj9L9&_nc_gid=sTMGyUh3p-wfhLemOpIijQ&edm=ALQROFkBAAAA&ccb=7-5&ig_cache_key=MzQ2MDA2MTQ0MTIyNjA4MDkwOQ%3D%3D.3-ccb7-5&oh=00_AfEZHnKTnVdmBI0y-p5RLq5JPpGQIZCUrEYyYmhV9_HGHw&oe=67FFB234&_nc_sid=fc8dfb,Everywhere,Fleetwood Mac
C79nibrp8rF,https://scontent-lax3-1.cdninstagram.com/v/t51.29350-15/447937404_828989158664578_2995692635187305717_n.jpg?stp=dst-jpg_e35_p1080x1080_tt6&efg=eyJ2ZW5jb2RlX3RhZyI6IkNBUk9VU0VMX0lURU0uaW1hZ2VfdXJsZ2VuLjE0NDB4MTc4NS5zZHIuZjI5MzUwLmRlZmF1bHRfaW1hZ2UifQ&_nc_ht=scontent-lax3-1.cdninstagram.com&_nc_cat=110&_nc_oc=Q6cZ2QFtmqH4UoFxPOEHnVzaQa5xFP4HeIxgDuXOW4X2G1GpUdwzEu_eL9-g22qWG5HMs5M&_nc_ohc=rkeu5QDTOxEQ7kNvwFsksNS&_nc_gid=hj4Nz84F5wRBMMf48x52-Q&edm=ALQROFkBAAAA&ccb=7-5&ig_cache_key=MzM4NjAzNjM3ODE5MTQ5NzQ3Nw%3D%3D.3-ccb7-5&oh=00_AfHBKEBczOpAktDxauNoShLZfgNJhXh_cNuV3Z8AD81MmQ&oe=67FFB1F4&_nc_sid=fc8dfb,Giorgio by Moroder,Daft Punk
C2YbplMp_Xl,https://scontent-lax3-1.cdninstagram.com/v/t51.29350-15/420047401_3556724297873302_6439708847508672782_n.jpg?stp=dst-jpg_e35_s1080x1080_tt6&efg=eyJ2ZW5jb2RlX3RhZyI6IkNBUk9VU0VMX0lURU0uaW1hZ2VfdXJsZ2VuLjE0NDB4MTIyNS5zZHIuZjI5MzUwLmRlZmF1bHRfaW1hZ2UifQ&_nc_ht=scontent-lax3-1.cdninstagram.com&_nc_cat=110&_nc_oc=Q6cZ2QGuJbE3G5fZScBtbbAx6t4M4LoWL83HofzmVqWDq8Hcv0mcBbXq9ccQb88HQjgIDwU&_nc_ohc=DSwy84zRvOsQ7kNvwGR2JlY&_nc_gid=zZhG-6FXvmXOExk9dfwBUw&edm=ALQROFkBAAAA&ccb=7-5&ig_cache_key=MzI4NTQ5NzUyODQ4MzAwMTEzNg%3D%3D.3-ccb7-5&oh=00_AfFg3_EkQ4dV2sSaamrR36uQg_IWy2zzGwhyegh7orXlXA&oe=67FFE1CD&_nc_sid=fc8dfb,Wicked Game,Chris Isaak
